IE_XML_ID;IE_NAME;IE_ID;IE_ACTIVE;IE_ACTIVE_FROM;IE_ACTIVE_TO;IE_PREVIEW_PICTURE;IE_PREVIEW_TEXT;IE_PREVIEW_TEXT_TYPE;IE_DETAIL_PICTURE;IE_DETAIL_TEXT;IE_DETAIL_TEXT_TYPE;IE_CODE;IE_SORT;IE_TAGS;IC_GROUP0;IC_GROUP1;IC_GROUP2
3;РЕСТОРАН ГРИЛЬ-БАР “БАЗИЛИК”;3;Y;12.03.2024 19:36:00;;/upload/iblock/c79/fmxgv310gqxat5k2d2jbl67cvpioeqph.jpg;Визуальный брендинг тематического ресторана «Базилик»: разработка логотипа, дизайн-концепт фирменного стиля и проработка его в носителях, таких как вывески, дизайн меню и карты вин, плейсметы, а также авторский надзор на стадии внедрения. Визуальный брендинг тематического ресторана «Базилик»: разработка логотипа, дизайн-концепт фирменного стиля и проработка его в носителях, таких как вывески, дизайн меню и карты вин, плейсметы, а также авторский надзор на стадии внедрения.;text;/upload/iblock/c79/fmxgv310gqxat5k2d2jbl67cvpioeqph.jpg;"Визуальный брендинг тематического ресторана «Базилик»: разработка логотипа, дизайн-концепт фирменного стиля и проработка его в носителях, таких как вывески, дизайн меню и карты вин, плейсметы, а также авторский надзор на стадии внедрения. Визуальный брендинг тематического ресторана «Базилик»: разработка логотипа, дизайн-концепт фирменного стиля и проработка его в носителях, таких как вывески, дизайн меню и карты вин, плейсметы, а также авторский надзор на стадии внедрения.<br>
<br>
Визуальный брендинг тематического ресторана «Базилик»: разработка логотипа, дизайн-концепт фирменного стиля и проработка его в носителях, таких как вывески, дизайн меню и карты вин, плейсметы, а также авторский надзор на стадии внедрения. Визуальный брендинг тематического ресторана «Базилик»: разработка логотипа, дизайн-концепт фирменного стиля и проработка его в носителях, таких как вывески, дизайн меню и карты вин, плейсметы, а также авторский надзор на стадии внедрения.<br>
<br>
<h2>Заголовок h2</h2>
<br>
Визуальный брендинг тематического ресторана «Базилик»: разработка логотипа, дизайн-концепт фирменного стиля и проработка его в носителях, таких как вывески, дизайн меню и карты вин, плейсметы, а также авторский надзор на стадии внедрения. Визуальный брендинг тематического ресторана «Базилик»: разработка логотипа, дизайн-концепт фирменного стиля и проработка его в носителях, таких как вывески, дизайн меню и карты вин, плейсметы, а также авторский надзор на стадии внедрения.<br>
<br>
<h3>Заголовок h3</h3><br>
Настоящее согласие действует до момента его отзыва путем направления соответствующего уведомления на электронный адрес info@yanicode.com. В случае отзыва мною согласия на обработку персональных данных Оператор вправе продолжить обработку персональных данных без моего согласия при наличии оснований, указанных в пунктах 2 – 11 части 1 статьи 6, части 2 статьи 10 и части 2 статьи 11 Федерального закона №152-ФЗ «О персональных данных» от 27.07.2006 г.<br>
<br>
Я подтверждаю, что, давая такое согласие, я действую по собственной воле и в своих интересах.";html;restoran-gril-bar-bazilik;500;;;;
4;Что такое продакш-студия и для чего она нужна?;4;Y;06.03.2024 20:05:00;;/upload/iblock/143/6n9u6uy14avawbm929qt99zoo8kezzmv.jpg;Визуальный брендинг тематического ресторана «Базилик»: разработка логотипа, дизайн-концепт фирменного стиля и проработка его в носителях, таких как вывески, дизайн меню и карты вин, плейсметы, а также авторский надзор на стадии внедрения. Визуальный брендинг тематического ресторана «Базилик»: разработка логотипа, дизайн-концепт фирменного стиля и проработка его в носителях, таких как вывески, дизайн меню и карты вин, плейсметы, а также авторский надзор на стадии внедрения.;text;/upload/iblock/143/6n9u6uy14avawbm929qt99zoo8kezzmv.jpg;"Визуальный брендинг тематического ресторана «Базилик»: разработка логотипа, дизайн-концепт фирменного стиля и проработка его в носителях, таких как вывески, дизайн меню и карты вин, плейсметы, а также авторский надзор на стадии внедрения. Визуальный брендинг тематического ресторана «Базилик»: разработка логотипа, дизайн-концепт фирменного стиля и проработка его в носителях, таких как вывески, дизайн меню и карты вин, плейсметы, а также авторский надзор на стадии внедрения.

Визуальный брендинг тематического ресторана «Базилик»: разработка логотипа, дизайн-концепт фирменного стиля и проработка его в носителях, таких как вывески, дизайн меню и карты вин, плейсметы, а также авторский надзор на стадии внедрения. Визуальный брендинг тематического ресторана «Базилик»: разработка логотипа, дизайн-концепт фирменного стиля и проработка его в носителях, таких как вывески, дизайн меню и карты вин, плейсметы, а также авторский надзор на стадии внедрения.";text;chto-takoe-prodaksh-studiya-i-dlya-chego-ona-nuzhna;500;;;;
5;Блог;5;Y;01.03.2024 20:08:00;;/upload/iblock/65e/npndqk7535lsv2z25uhqw0l5494pkya3.jpg;Визуальный брендинг тематического ресторана «Базилик»: разработка логотипа, дизайн-концепт фирменного стиля и проработка его в носителях, таких как вывески, дизайн меню и карты вин, плейсметы, а также авторский надзор на стадии внедрения. Визуальный брендинг тематического ресторана «Базилик»: разработка логотипа, дизайн-концепт фирменного стиля и проработка его в носителях, таких как вывески, дизайн меню и карты вин, плейсметы, а также авторский надзор на стадии внедрения.;text;/upload/iblock/65e/npndqk7535lsv2z25uhqw0l5494pkya3.jpg;"Визуальный брендинг тематического ресторана «Базилик»: разработка логотипа, дизайн-концепт фирменного стиля и проработка его в носителях, таких как вывески, дизайн меню и карты вин, плейсметы, а также авторский надзор на стадии внедрения. Визуальный брендинг тематического ресторана «Базилик»: разработка логотипа, дизайн-концепт фирменного стиля и проработка его в носителях, таких как вывески, дизайн меню и карты вин, плейсметы, а также авторский надзор на стадии внедрения.

Визуальный брендинг тематического ресторана «Базилик»: разработка логотипа, дизайн-концепт фирменного стиля и проработка его в носителях, таких как вывески, дизайн меню и карты вин, плейсметы, а также авторский надзор на стадии внедрения. Визуальный брендинг тематического ресторана «Базилик»: разработка логотипа, дизайн-концепт фирменного стиля и проработка его в носителях, таких как вывески, дизайн меню и карты вин, плейсметы, а также авторский надзор на стадии внедрения.";text;blog;500;;;;
6;Блог 2;6;Y;03.03.2024 20:08:00;;/upload/iblock/89c/2ihj4tmn3oxwc9n132dckfleb3pwufjy.jpg;Визуальный брендинг тематического ресторана «Базилик»: разработка логотипа, дизайн-концепт фирменного стиля и проработка его в носителях, таких как вывески, дизайн меню и карты вин, плейсметы, а также авторский надзор на стадии внедрения. Визуальный брендинг тематического ресторана «Базилик»: разработка логотипа, дизайн-концепт фирменного стиля и проработка его в носителях, таких как вывески, дизайн меню и карты вин, плейсметы, а также авторский надзор на стадии внедрения..;text;/upload/iblock/89c/2ihj4tmn3oxwc9n132dckfleb3pwufjy.jpg;"Визуальный брендинг тематического ресторана «Базилик»: разработка логотипа, дизайн-концепт фирменного стиля и проработка его в носителях, таких как вывески, дизайн меню и карты вин, плейсметы, а также авторский надзор на стадии внедрения. Визуальный брендинг тематического ресторана «Базилик»: разработка логотипа, дизайн-концепт фирменного стиля и проработка его в носителях, таких как вывески, дизайн меню и карты вин, плейсметы, а также авторский надзор на стадии внедрения.

Визуальный брендинг тематического ресторана «Базилик»: разработка логотипа, дизайн-концепт фирменного стиля и проработка его в носителях, таких как вывески, дизайн меню и карты вин, плейсметы, а также авторский надзор на стадии внедрения. Визуальный брендинг тематического ресторана «Базилик»: разработка логотипа, дизайн-концепт фирменного стиля и проработка его в носителях, таких как вывески, дизайн меню и карты вин, плейсметы, а также авторский надзор на стадии внедрения.";text;blog-2;500;;;;
